"Payer","Service","Age Group","Gender","2002","2004","2006","2008","2010"
"Medicaid","Dental Services","Total","Total",3472,3925,4275,5458,7368
"Medicaid","Dental Services","0-18","Total",1978,2451,2702,3410,4633
"Medicaid","Dental Services","19-64","Total",1260,1255,1347,1746,2352
"Medicaid","Dental Services","65+","Total",234,219,226,302,383
"Medicaid","Dental Services","Total","Males",1469,1690,1842,2371,3223
"Medicaid","Dental Services","0-18","Males",978,1213,1336,1695,2302
"Medicaid","Dental Services","19-64","Males",418,409,434,581,802
"Medicaid","Dental Services","65+","Males",72,68,72,95,120
"Medicaid","Dental Services","Total","Females",2002,2234,2433,3087,4145
"Medicaid","Dental Services","0-18","Females",1000,1239,1366,1714,2332
"Medicaid","Dental Services","19-64","Females",841,845,913,1166,1550
"Medicaid","Dental Services","65+","Females",161,151,154,207,263
"Medicare","Dental Services","Total","Total",79,71,103,221,242
"Medicare","Dental Services","0-18","Total",0,0,0,0,0
"Medicare","Dental Services","19-64","Total",4,4,10,20,18
"Medicare","Dental Services","65+","Total",75,67,93,201,224
"Medicare","Dental Services","Total","Males",35,31,45,102,116
"Medicare","Dental Services","0-18","Males",0,0,0,0,0
"Medicare","Dental Services","19-64","Males",2,2,5,10,9
"Medicare","Dental Services","65+","Males",33,30,40,93,107
"Medicare","Dental Services","Total","Females",44,40,58,119,126
"Medicare","Dental Services","0-18","Females",0,0,0,0,0
"Medicare","Dental Services","19-64","Females",2,2,5,10,8
"Medicare","Dental Services","65+","Females",42,38,53,109,118
"Other Payers and Programs","Dental Services","Total","Total",1272,1471,1753,2178,2835
"Other Payers and Programs","Dental Services","0-18","Total",582,660,805,999,1284
"Other Payers and Programs","Dental Services","19-64","Total",594,684,785,968,1276
"Other Payers and Programs","Dental Services","65+","Total",96,126,163,211,276
"Other Payers and Programs","Dental Services","Total","Males",560,664,791,969,1257
"Other Payers and Programs","Dental Services","0-18","Males",273,324,388,484,607
"Other Payers and Programs","Dental Services","19-64","Males",242,280,327,386,521
"Other Payers and Programs","Dental Services","65+","Males",44,60,76,99,130
"Other Payers and Programs","Dental Services","Total","Females",713,806,962,1209,1578
"Other Payers and Programs","Dental Services","0-18","Females",308,337,417,515,677
"Other Payers and Programs","Dental Services","19-64","Females",353,404,458,581,755
"Other Payers and Programs","Dental Services","65+","Females",52,66,87,112,146
"Out of Pocket","Dental Services","Total","Total",32308,36073,40193,45451,43636
"Out of Pocket","Dental Services","0-18","Total",8174,9638,10764,11153,10613
"Out of Pocket","Dental Services","19-64","Total",19080,20480,22675,25709,24446
"Out of Pocket","Dental Services","65+","Total",5054,5955,6754,8589,8577
"Out of Pocket","Dental Services","Total","Males",14230,16126,17702,19787,19185
"Out of Pocket","Dental Services","0-18","Males",3774,4705,5150,5415,5075
"Out of Pocket","Dental Services","19-64","Males",8297,8759,9634,10731,10389
"Out of Pocket","Dental Services","65+","Males",2159,2663,2919,3642,3722
"Out of Pocket","Dental Services","Total","Females",18078,19946,22491,25664,24451
"Out of Pocket","Dental Services","0-18","Females",4400,4933,5614,5738,5538
"Out of Pocket","Dental Services","19-64","Females",10783,11721,13042,14978,14057
"Out of Pocket","Dental Services","65+","Females",2895,3292,3835,4948,4855
"Private health Insurance","Dental Services","Total","Total",36554,40514,45117,49061,51297
"Private health Insurance","Dental Services","0-18","Total",9276,11541,13228,13753,12964
"Private health Insurance","Dental Services","19-64","Total",24319,25559,27907,30975,32933
"Private health Insurance","Dental Services","65+","Total",2959,3413,3982,4333,5400
"Private health Insurance","Dental Services","Total","Males",16256,18145,20436,21693,23069
"Private health Insurance","Dental Services","0-18","Males",4306,5745,6595,6640,5980
"Private health Insurance","Dental Services","19-64","Males",10596,10832,12034,13065,14646
"Private health Insurance","Dental Services","65+","Males",1354,1568,1807,1988,2442
"Private health Insurance","Dental Services","Total","Females",20298,22369,24681,27368,28228
"Private health Insurance","Dental Services","0-18","Females",4970,5796,6633,7113,6984
"Private health Insurance","Dental Services","19-64","Females",13723,14727,15873,17910,18286
"Private health Insurance","Dental Services","65+","Females",1605,1845,2175,2346,2958
"Total","Dental Services","Total","Total",73684,82053,91442,102369,105378
"Total","Dental Services","0-18","Total",20010,24290,27499,29314,29494
"Total","Dental Services","19-64","Total",45258,47982,52725,59417,61024
"Total","Dental Services","65+","Total",8417,9781,11218,13637,14859
"Total","Dental Services","Total","Males",32549,36657,40817,44923,46851
"Total","Dental Services","0-18","Males",9332,11986,13469,14234,13964
"Total","Dental Services","19-64","Males",19555,20283,22434,24772,26367
"Total","Dental Services","65+","Males",3663,4389,4914,5916,6520
"Total","Dental Services","Total","Females",41135,45396,50625,57446,58527
"Total","Dental Services","0-18","Females",10678,12304,14030,15080,15530
"Total","Dental Services","19-64","Females",25703,27700,30291,34645,34658
"Total","Dental Services","65+","Females",4754,5392,6304,7721,8340
"Medicaid","Durable Medical Equipment","Total","Total",2697,2848,3614,3987,4621
"Medicaid","Durable Medical Equipment","0-18","Total",757,786,1059,1135,1360
"Medicaid","Durable Medical Equipment","19-64","Total",1325,1479,1896,2069,2336
"Medicaid","Durable Medical Equipment","65+","Total",615,582,659,782,925
"Medicaid","Durable Medical Equipment","Total","Males",1116,1186,1536,1670,1985
"Medicaid","Durable Medical Equipment","0-18","Males",416,431,596,622,750
"Medicaid","Durable Medical Equipment","19-64","Males",544,606,763,834,978
"Medicaid","Durable Medical Equipment","65+","Males",156,150,177,214,257
"Medicaid","Durable Medical Equipment","Total","Females",1581,1661,2078,2317,2636
"Medicaid","Durable Medical Equipment","0-18","Females",341,355,463,513,610
"Medicaid","Durable Medical Equipment","19-64","Females",781,874,1133,1235,1358
"Medicaid","Durable Medical Equipment","65+","Females",459,433,483,568,668
"Medicare","Durable Medical Equipment","Total","Total",5273,6230,6885,7891,7625
"Medicare","Durable Medical Equipment","0-18","Total",0,0,1,1,0
"Medicare","Durable Medical Equipment","19-64","Total",1011,1262,1451,1601,1582
"Medicare","Durable Medical Equipment","65+","Total",4262,4968,5434,6290,6043
"Medicare","Durable Medical Equipment","Total","Males",2291,2723,3051,3558,3517
"Medicare","Durable Medical Equipment","0-18","Males",0,0,0,0,0
"Medicare","Durable Medical Equipment","19-64","Males",537,652,745,813,816
"Medicare","Durable Medical Equipment","65+","Males",1754,2070,2307,2745,2702
"Medicare","Durable Medical Equipment","Total","Females",2982,3507,3834,4333,4108
"Medicare","Durable Medical Equipment","0-18","Females",0,0,0,0,0
"Medicare","Durable Medical Equipment","19-64","Females",474,609,706,788,766
"Medicare","Durable Medical Equipment","65+","Females",2508,2898,3127,3545,3341
"Other Payers and Programs","Durable Medical Equipment","Total","Total",601,606,611,656,663
"Other Payers and Programs","Durable Medical Equipment","0-18","Total",112,101,107,128,127
"Other Payers and Programs","Durable Medical Equipment","19-64","Total",346,353,350,359,359
"Other Payers and Programs","Durable Medical Equipment","65+","Total",144,152,154,168,177
"Other Payers and Programs","Durable Medical Equipment","Total","Males",260,266,269,286,296
"Other Payers and Programs","Durable Medical Equipment","0-18","Males",56,51,51,62,63
"Other Payers and Programs","Durable Medical Equipment","19-64","Males",141,146,152,151,155
"Other Payers and Programs","Durable Medical Equipment","65+","Males",63,69,67,73,78
"Other Payers and Programs","Durable Medical Equipment","Total","Females",341,339,342,370,367
"Other Payers and Programs","Durable Medical Equipment","0-18","Females",55,50,56,67,64
"Other Payers and Programs","Durable Medical Equipment","19-64","Females",204,206,199,208,205
"Other Payers and Programs","Durable Medical Equipment","65+","Females",81,83,87,95,99
"Out of Pocket","Durable Medical Equipment","Total","Total",15289,16268,17504,18479,19854
"Out of Pocket","Durable Medical Equipment","0-18","Total",1288,1352,1502,1580,1611
"Out of Pocket","Durable Medical Equipment","19-64","Total",9390,9809,10629,11093,11995
"Out of Pocket","Durable Medical Equipment","65+","Total",4611,5107,5374,5807,6248
"Out of Pocket","Durable Medical Equipment","Total","Males",6397,6671,7236,7586,8260
"Out of Pocket","Durable Medical Equipment","0-18","Males",591,604,652,699,699
"Out of Pocket","Durable Medical Equipment","19-64","Males",3746,3887,4309,4385,4832
"Out of Pocket","Durable Medical Equipment","65+","Males",2060,2180,2274,2503,2729
"Out of Pocket","Durable Medical Equipment","Total","Females",8892,9597,10268,10893,11594
"Out of Pocket","Durable Medical Equipment","0-18","Females",697,748,850,881,912
"Out of Pocket","Durable Medical Equipment","19-64","Females",5645,5922,6319,6708,7163
"Out of Pocket","Durable Medical Equipment","65+","Females",2551,2927,3099,3304,3519
"Private health Insurance","Durable Medical Equipment","Total","Total",3260,3502,3715,3884,4215
"Private health Insurance","Durable Medical Equipment","0-18","Total",295,307,322,355,379
"Private health Insurance","Durable Medical Equipment","19-64","Total",2143,2316,2436,2567,2828
"Private health Insurance","Durable Medical Equipment","65+","Total",822,879,957,962,1008
"Private health Insurance","Durable Medical Equipment","Total","Males",1340,1425,1576,1621,1821
"Private health Insurance","Durable Medical Equipment","0-18","Males",137,141,145,157,165
"Private health Insurance","Durable Medical Equipment","19-64","Males",870,937,1029,1064,1221
"Private health Insurance","Durable Medical Equipment","65+","Males",332,347,402,399,435
"Private health Insurance","Durable Medical Equipment","Total","Females",1920,2077,2139,2263,2394
"Private health Insurance","Durable Medical Equipment","0-18","Females",157,167,177,198,214
"Private health Insurance","Durable Medical Equipment","19-64","Females",1273,1379,1407,1503,1607
"Private health Insurance","Durable Medical Equipment","65+","Females",490,531,555,563,574
"Total","Durable Medical Equipment","Total","Total",27121,29453,32330,34897,36978
"Total","Durable Medical Equipment","0-18","Total",2452,2546,2991,3199,3477
"Total","Durable Medical Equipment","19-64","Total",14215,15219,16762,17689,19100
"Total","Durable Medical Equipment","65+","Total",10454,11688,12578,14009,14402
"Total","Durable Medical Equipment","Total","Males",11404,12271,13669,14721,15879
"Total","Durable Medical Equipment","0-18","Males",1201,1227,1445,1540,1677
"Total","Durable Medical Equipment","19-64","Males",5838,6228,6998,7247,8001
"Total","Durable Medical Equipment","65+","Males",4365,4816,5226,5934,6200
"Total","Durable Medical Equipment","Total","Females",15716,17182,18661,20177,21099
"Total","Durable Medical Equipment","0-18","Females",1251,1320,1546,1659,1800
"Total","Durable Medical Equipment","19-64","Females",8377,8990,9764,10442,11098
"Total","Durable Medical Equipment","65+","Females",6089,6872,7351,8076,8201
"Medicaid","Home Health Care","Total","Total",9791,13617,17196,22166,26688
"Medicaid","Home Health Care","0-18","Total",2146,2552,3549,4881,6251
"Medicaid","Home Health Care","19-64","Total",3802,5307,6508,8750,10612
"Medicaid","Home Health Care","65+","Total",3843,5758,7139,8535,9825
"Medicaid","Home Health Care","Total","Males",3552,4837,6065,8067,9922
"Medicaid","Home Health Care","0-18","Males",1160,1382,1897,2635,3394
"Medicaid","Home Health Care","19-64","Males",1567,2138,2482,3356,4087
"Medicaid","Home Health Care","65+","Males",825,1317,1686,2076,2441
"Medicaid","Home Health Care","Total","Females",6239,8780,11131,14098,16766
"Medicaid","Home Health Care","0-18","Females",986,1170,1652,2245,2857
"Medicaid","Home Health Care","19-64","Females",2235,3169,4026,5394,6525
"Medicaid","Home Health Care","65+","Females",3018,4441,5453,6460,7385
"Medicare","Home Health Care","Total","Total",11338,15536,21060,27074,31802
"Medicare","Home Health Care","0-18","Total",0,0,0,0,0
"Medicare","Home Health Care","19-64","Total",883,1242,1821,2432,2931
"Medicare","Home Health Care","65+","Total",10454,14294,19239,24642,28871
"Medicare","Home Health Care","Total","Males",3998,5413,7334,9547,11308
"Medicare","Home Health Care","0-18","Males",0,0,0,0,0
"Medicare","Home Health Care","19-64","Males",429,593,867,1144,1376
"Medicare","Home Health Care","65+","Males",3569,4820,6467,8402,9932
"Medicare","Home Health Care","Total","Females",7340,10123,13726,17528,20494
"Medicare","Home Health Care","0-18","Females",0,0,0,0,0
"Medicare","Home Health Care","19-64","Females",455,649,954,1288,1555
"Medicare","Home Health Care","65+","Females",6885,9474,12772,16239,18939
"Other Payers and Programs","Home Health Care","Total","Total",2889,2863,2786,2791,2942
"Other Payers and Programs","Home Health Care","0-18","Total",160,121,101,129,155
"Other Payers and Programs","Home Health Care","19-64","Total",1230,1335,1324,1254,1226
"Other Payers and Programs","Home Health Care","65+","Total",1499,1407,1361,1408,1561
"Other Payers and Programs","Home Health Care","Total","Males",1206,1128,1085,1105,1206
"Other Payers and Programs","Home Health Care","0-18","Males",83,64,56,74,83
"Other Payers and Programs","Home Health Care","19-64","Males",630,619,586,593,568
"Other Payers and Programs","Home Health Care","65+","Males",492,445,443,438,554
"Other Payers and Programs","Home Health Care","Total","Females",1683,1735,1702,1686,1736
"Other Payers and Programs","Home Health Care","0-18","Females",76,57,45,55,72
"Other Payers and Programs","Home Health Care","19-64","Females",600,716,738,660,657
"Other Payers and Programs","Home Health Care","65+","Females",1007,962,919,971,1007
"Out of Pocket","Home Health Care","Total","Total",6135,5865,5915,5438,5088
"Out of Pocket","Home Health Care","0-18","Total",162,114,88,107,112
"Out of Pocket","Home Health Care","19-64","Total",1669,1861,1951,1662,1501
"Out of Pocket","Home Health Care","65+","Total",4304,3890,3876,3670,3475
"Out of Pocket","Home Health Care","Total","Males",2350,2114,2143,1920,1814
"Out of Pocket","Home Health Care","0-18","Males",89,62,51,55,62
"Out of Pocket","Home Health Care","19-64","Males",866,810,890,786,687
"Out of Pocket","Home Health Care","65+","Males",1395,1241,1202,1079,1066
"Out of Pocket","Home Health Care","Total","Females",3785,3751,3772,3518,3274
"Out of Pocket","Home Health Care","0-18","Females",73,52,37,52,51
"Out of Pocket","Home Health Care","19-64","Females",803,1051,1061,875,814
"Out of Pocket","Home Health Care","65+","Females",2909,2648,2674,2591,2409
"Private health Insurance","Home Health Care","Total","Total",6476,5928,5634,4822,4633
"Private health Insurance","Home Health Care","0-18","Total",440,379,245,164,168
"Private health Insurance","Home Health Care","19-64","Total",4014,3697,3600,2900,2560
"Private health Insurance","Home Health Care","65+","Total",2021,1852,1789,1758,1905
"Private health Insurance","Home Health Care","Total","Males",2587,2360,2058,1753,1616
"Private health Insurance","Home Health Care","0-18","Males",222,190,121,82,84
"Private health Insurance","Home Health Care","19-64","Males",1795,1640,1416,1154,937
"Private health Insurance","Home Health Care","65+","Males",570,530,521,517,595
"Private health Insurance","Home Health Care","Total","Females",3889,3567,3576,3070,3017
"Private health Insurance","Home Health Care","0-18","Females",219,189,124,82,84
"Private health Insurance","Home Health Care","19-64","Females",2219,2057,2184,1746,1622
"Private health Insurance","Home Health Care","65+","Females",1451,1322,1269,1241,1310
"Total","Home Health Care","Total","Total",36628,43809,52591,62291,71153
"Total","Home Health Care","0-18","Total",2908,3167,3984,5281,6687
"Total","Home Health Care","19-64","Total",11598,13442,15203,16997,18829
"Total","Home Health Care","65+","Total",22122,27200,33405,40013,45636
"Total","Home Health Care","Total","Males",13692,15852,18685,22391,25866
"Total","Home Health Care","0-18","Males",1554,1699,2126,2846,3623
"Total","Home Health Care","19-64","Males",5286,5801,6240,7034,7655
"Total","Home Health Care","65+","Males",6851,8353,10319,12512,14588
"Total","Home Health Care","Total","Females",22936,27957,33906,39900,45287
"Total","Home Health Care","0-18","Females",1354,1468,1858,2435,3064
"Total","Home Health Care","19-64","Females",6312,7642,8962,9964,11174
"Total","Home Health Care","65+","Females",15270,18847,23086,27502,31049
"Medicaid","Hospital Care","Total","Total",84852,97697,110149,125238,147653
"Medicaid","Hospital Care","0-18","Total",27920,32517,38863,43825,50724
"Medicaid","Hospital Care","19-64","Total",44214,51977,58136,66181,79142
"Medicaid","Hospital Care","65+","Total",12717,13202,13150,15232,17787
"Medicaid","Hospital Care","Total","Males",34358,39820,45263,52057,61715
"Medicaid","Hospital Care","0-18","Males",14718,17163,20363,23169,26748
"Medicaid","Hospital Care","19-64","Males",15883,18750,20884,24169,29428
"Medicaid","Hospital Care","65+","Males",3757,3907,4016,4718,5539
"Medicaid","Hospital Care","Total","Females",50494,57877,64886,73181,85937
"Medicaid","Hospital Care","0-18","Females",13201,15354,18500,20656,23976
"Medicaid","Hospital Care","19-64","Females",28331,33228,37252,42012,49714
"Medicaid","Hospital Care","65+","Females",8961,9295,9133,10513,12248
"Medicare","Hospital Care","Total","Total",143531,162772,184730,206313,221482
"Medicare","Hospital Care","0-18","Total",42,52,58,65,63
"Medicare","Hospital Care","19-64","Total",20717,25347,30616,34727,38496
"Medicare","Hospital Care","65+","Total",122773,137373,154056,171520,182923
"Medicare","Hospital Care","Total","Males",65195,73871,84182,94657,102560
"Medicare","Hospital Care","0-18","Males",23,28,30,34,35
"Medicare","Hospital Care","19-64","Males",11018,13261,15944,17864,19721
"Medicare","Hospital Care","65+","Males",54154,60582,68209,76759,82805
"Medicare","Hospital Care","Total","Females",78336,88901,100547,111655,118922
"Medicare","Hospital Care","0-18","Females",18,24,28,32,28
"Medicare","Hospital Care","19-64","Females",9699,12086,14672,16863,18776
"Medicare","Hospital Care","65+","Females",68619,76791,85847,94761,100118
"Other Payers and Programs","Hospital Care","Total","Total",72884,86383,99191,108991,127260
"Other Payers and Programs","Hospital Care","0-18","Total",11462,15060,16107,17465,20532
"Other Payers and Programs","Hospital Care","19-64","Total",46786,53339,63616,71940,82983
"Other Payers and Programs","Hospital Care","65+","Total",14636,17984,19468,19586,23744
"Other Payers and Programs","Hospital Care","Total","Males",38778,45110,51561,56913,67489
"Other Payers and Programs","Hospital Care","0-18","Males",6191,7992,8644,9228,10571
"Other Payers and Programs","Hospital Care","19-64","Males",24469,27418,32405,36732,43173
"Other Payers and Programs","Hospital Care","65+","Males",8119,9700,10512,10953,13744
"Other Payers and Programs","Hospital Care","Total","Females",34106,41273,47629,52078,59771
"Other Payers and Programs","Hospital Care","0-18","Females",5271,7068,7463,8238,9961
"Other Payers and Programs","Hospital Care","19-64","Females",22318,25921,31211,35208,39810
"Other Payers and Programs","Hospital Care","65+","Females",6517,8284,8956,8632,10000
"Out of Pocket","Hospital Care","Total","Total",15218,18156,20886,23341,26095
"Out of Pocket","Hospital Care","0-18","Total",1942,2543,3047,3465,3480
"Out of Pocket","Hospital Care","19-64","Total",11800,13885,15841,17238,19694
"Out of Pocket","Hospital Care","65+","Total",1476,1728,1999,2638,2920
"Out of Pocket","Hospital Care","Total","Males",7439,8602,10014,11105,12429
"Out of Pocket","Hospital Care","0-18","Males",1012,1311,1647,1852,1857
"Out of Pocket","Hospital Care","19-64","Males",5734,6488,7403,7928,9153
"Out of Pocket","Hospital Care","65+","Males",694,804,964,1325,1419
"Out of Pocket","Hospital Care","Total","Females",7779,9554,10872,12237,13665
"Out of Pocket","Hospital Care","0-18","Females",930,1233,1400,1613,1623
"Out of Pocket","Hospital Care","19-64","Females",6067,7397,8437,9310,10541
"Out of Pocket","Hospital Care","65+","Females",782,924,1035,1314,1501
"Private health Insurance","Hospital Care","Total","Total",169995,201005,236965,265118,290073
"Private health Insurance","Hospital Care","0-18","Total",28600,35317,40712,43683,46051
"Private health Insurance","Hospital Care","19-64","Total",121001,141378,168406,187956,208950
"Private health Insurance","Hospital Care","65+","Total",20394,24309,27847,33479,35072
"Private health Insurance","Hospital Care","Total","Males",80442,93176,112524,123303,135746
"Private health Insurance","Hospital Care","0-18","Males",14475,17418,21414,21932,22172
"Private health Insurance","Hospital Care","19-64","Males",56159,63679,76857,84521,95779
"Private health Insurance","Hospital Care","65+","Males",9809,12079,14253,16850,17794
"Private health Insurance","Hospital Care","Total","Females",89552,107829,124441,141815,154327
"Private health Insurance","Hospital Care","0-18","Females",14125,17899,19298,21751,23879
"Private health Insurance","Hospital Care","19-64","Females",64843,77699,91550,103435,113171
"Private health Insurance","Hospital Care","65+","Females",10585,12231,13593,16629,17278
"Total","Hospital Care","Total","Total",486479,566013,651921,729000,812562
"Total","Hospital Care","0-18","Total",69965,85490,98787,108503,120850
"Total","Hospital Care","19-64","Total",244519,285926,336615,378042,429266
"Total","Hospital Care","65+","Total",171995,194597,216519,242455,262446
"Total","Hospital Care","Total","Males",226213,260579,303545,338034,379939
"Total","Hospital Care","0-18","Males",36419,43911,52098,56215,61383
"Total","Hospital Care","19-64","Males",113262,129595,153493,171213,197255
"Total","Hospital Care","65+","Males",76532,87073,97954,110606,121301
"Total","Hospital Care","Total","Females",260266,305434,348376,390966,432623
"Total","Hospital Care","0-18","Females",33546,41578,46689,52288,59467
"Total","Hospital Care","19-64","Females",131258,156331,183122,206829,232011
"Total","Hospital Care","65+","Females",95463,107524,118565,131849,141145
"Medicaid","Nursing Care Facilities and Continuing Care Retirement Communities","Total","Total",35482,39615,41290,43791,45464
"Medicaid","Nursing Care Facilities and Continuing Care Retirement Communities","0-18","Total",288,324,318,356,377
"Medicaid","Nursing Care Facilities and Continuing Care Retirement Communities","19-64","Total",5802,6997,7771,8576,9191
"Medicaid","Nursing Care Facilities and Continuing Care Retirement Communities","65+","Total",29392,32293,33200,34859,35896
"Medicaid","Nursing Care Facilities and Continuing Care Retirement Communities","Total","Males",10489,11988,12855,13983,14802
"Medicaid","Nursing Care Facilities and Continuing Care Retirement Communities","0-18","Males",172,188,180,204,215
"Medicaid","Nursing Care Facilities and Continuing Care Retirement Communities","19-64","Males",3116,3766,4198,4651,5025
"Medicaid","Nursing Care Facilities and Continuing Care Retirement Communities","65+","Males",7201,8034,8477,9129,9561
"Medicaid","Nursing Care Facilities and Continuing Care Retirement Communities","Total","Females",24993,27626,28435,29808,30663
"Medicaid","Nursing Care Facilities and Continuing Care Retirement Communities","0-18","Females",116,136,138,153,162
"Medicaid","Nursing Care Facilities and Continuing Care Retirement Communities","19-64","Females",2686,3232,3573,3925,4166
"Medicaid","Nursing Care Facilities and Continuing Care Retirement Communities","65+","Females",22191,24259,24723,25730,26335
"Medicare","Nursing Care Facilities and Continuing Care Retirement Communities","Total","Total",15026,18259,22356,27647,32012
"Medicare","Nursing Care Facilities and Continuing Care Retirement Communities","0-18","Total",0,0,0,0,0
"Medicare","Nursing Care Facilities and Continuing Care Retirement Communities","19-64","Total",839,1148,1609,2120,2638
"Medicare","Nursing Care Facilities and Continuing Care Retirement Communities","65+","Total",14186,17111,20747,25527,29375
"Medicare","Nursing Care Facilities and Continuing Care Retirement Communities","Total","Males",5085,6231,7835,9945,11905
"Medicare","Nursing Care Facilities and Continuing Care Retirement Communities","0-18","Males",0,0,0,0,0
"Medicare","Nursing Care Facilities and Continuing Care Retirement Communities","19-64","Males",435,590,826,1082,1361
"Medicare","Nursing Care Facilities and Continuing Care Retirement Communities","65+","Males",4651,5641,7009,8863,10544
"Medicare","Nursing Care Facilities and Continuing Care Retirement Communities","Total","Females",9941,12028,14522,17701,20107
"Medicare","Nursing Care Facilities and Continuing Care Retirement Communities","0-18","Females",0,0,0,0,0
"Medicare","Nursing Care Facilities and Continuing Care Retirement Communities","19-64","Females",405,557,783,1037,1277
"Medicare","Nursing Care Facilities and Continuing Care Retirement Communities","65+","Females",9536,11470,13738,16664,18830
"Other Payers and Programs","Nursing Care Facilities and Continuing Care Retirement Communities","Total","Total",7851,9221,10576,12284,14296
"Other Payers and Programs","Nursing Care Facilities and Continuing Care Retirement Communities","0-18","Total",77,86,74,82,93
"Other Payers and Programs","Nursing Care Facilities and Continuing Care Retirement Communities","19-64","Total",1021,1227,1557,1823,2163
"Other Payers and Programs","Nursing Care Facilities and Continuing Care Retirement Communities","65+","Total",6753,7908,8945,10380,12039
"Other Payers and Programs","Nursing Care Facilities and Continuing Care Retirement Communities","Total","Males",2420,2895,3446,4116,4930
"Other Payers and Programs","Nursing Care Facilities and Continuing Care Retirement Communities","0-18","Males",43,50,44,49,56
"Other Payers and Programs","Nursing Care Facilities and Continuing Care Retirement Communities","19-64","Males",541,664,834,975,1165
"Other Payers and Programs","Nursing Care Facilities and Continuing Care Retirement Communities","65+","Males",1836,2181,2568,3093,3709
"Other Payers and Programs","Nursing Care Facilities and Continuing Care Retirement Communities","Total","Females",5431,6326,7130,8168,9366
"Other Payers and Programs","Nursing Care Facilities and Continuing Care Retirement Communities","0-18","Females",34,37,30,32,37
"Other Payers and Programs","Nursing Care Facilities and Continuing Care Retirement Communities","19-64","Females",480,563,722,848,998
"Other Payers and Programs","Nursing Care Facilities and Continuing Care Retirement Communities","65+","Females",4917,5727,6378,7287,8331
"Out of Pocket","Nursing Care Facilities and Continuing Care Retirement Communities","Total","Total",27941,31787,34805,39218,40318
"Out of Pocket","Nursing Care Facilities and Continuing Care Retirement Communities","0-18","Total",201,230,247,337,399
"Out of Pocket","Nursing Care Facilities and Continuing Care Retirement Communities","19-64","Total",3874,4174,4919,5767,5887
"Out of Pocket","Nursing Care Facilities and Continuing Care Retirement Communities","65+","Total",23866,27383,29639,33114,34032
"Out of Pocket","Nursing Care Facilities and Continuing Care Retirement Communities","Total","Males",9069,9920,11064,13301,13753
"Out of Pocket","Nursing Care Facilities and Continuing Care Retirement Communities","0-18","Males",129,149,157,216,253
"Out of Pocket","Nursing Care Facilities and Continuing Care Retirement Communities","19-64","Males",2017,2218,2590,3061,3147
"Out of Pocket","Nursing Care Facilities and Continuing Care Retirement Communities","65+","Males",6923,7553,8317,10023,10353
"Out of Pocket","Nursing Care Facilities and Continuing Care Retirement Communities","Total","Females",18872,21868,23741,25917,26565
"Out of Pocket","Nursing Care Facilities and Continuing Care Retirement Communities","0-18","Females",72,81,90,121,146
"Out of Pocket","Nursing Care Facilities and Continuing Care Retirement Communities","19-64","Females",1857,1956,2330,2706,2740
"Out of Pocket","Nursing Care Facilities and Continuing Care Retirement Communities","65+","Females",16944,19830,21321,23091,23679
"Private health Insurance","Nursing Care Facilities and Continuing Care Retirement Communities","Total","Total",8180,6876,8281,9630,10938
"Private health Insurance","Nursing Care Facilities and Continuing Care Retirement Communities","0-18","Total",35,29,27,29,30
"Private health Insurance","Nursing Care Facilities and Continuing Care Retirement Communities","19-64","Total",1083,1048,1341,1482,1528
"Private health Insurance","Nursing Care Facilities and Continuing Care Retirement Communities","65+","Total",7062,5800,6912,8119,9380
"Private health Insurance","Nursing Care Facilities and Continuing Care Retirement Communities","Total","Males",2513,2352,2747,3136,3409
"Private health Insurance","Nursing Care Facilities and Continuing Care Retirement Communities","0-18","Males",20,17,15,17,18
"Private health Insurance","Nursing Care Facilities and Continuing Care Retirement Communities","19-64","Males",573,561,747,794,825
"Private health Insurance","Nursing Care Facilities and Continuing Care Retirement Communities","65+","Males",1921,1774,1984,2324,2566
"Private health Insurance","Nursing Care Facilities and Continuing Care Retirement Communities","Total","Females",5666,4524,5534,6494,7529
"Private health Insurance","Nursing Care Facilities and Continuing Care Retirement Communities","0-18","Females",15,11,12,12,12
"Private health Insurance","Nursing Care Facilities and Continuing Care Retirement Communities","19-64","Females",510,486,594,687,703
"Private health Insurance","Nursing Care Facilities and Continuing Care Retirement Communities","65+","Females",5141,4026,4928,5795,6814
"Total","Nursing Care Facilities and Continuing Care Retirement Communities","Total","Total",94480,105758,117309,132570,143028
"Total","Nursing Care Facilities and Continuing Care Retirement Communities","0-18","Total",601,669,667,804,899
"Total","Nursing Care Facilities and Continuing Care Retirement Communities","19-64","Total",12619,14593,17198,19767,21407
"Total","Nursing Care Facilities and Continuing Care Retirement Communities","65+","Total",81260,90495,99444,111999,120721
"Total","Nursing Care Facilities and Continuing Care Retirement Communities","Total","Males",29576,33386,37947,44482,48798
"Total","Nursing Care Facilities and Continuing Care Retirement Communities","0-18","Males",364,404,397,487,542
"Total","Nursing Care Facilities and Continuing Care Retirement Communities","19-64","Males",6681,7799,9195,10563,11523
"Total","Nursing Care Facilities and Continuing Care Retirement Communities","65+","Males",22532,25183,28356,33432,36733
"Total","Nursing Care Facilities and Continuing Care Retirement Communities","Total","Females",64903,72371,79362,88088,94230
"Total","Nursing Care Facilities and Continuing Care Retirement Communities","0-18","Females",237,265,270,318,357
"Total","Nursing Care Facilities and Continuing Care Retirement Communities","19-64","Females",5938,6794,8003,9204,9885
"Total","Nursing Care Facilities and Continuing Care Retirement Communities","65+","Females",58728,65312,71088,78567,83988
"Medicaid","Other Health Residential and Personal Care","Total","Total",39998,46462,52501,58855,67452
"Medicaid","Other Health Residential and Personal Care","0-18","Total",5472,5640,6606,7543,7760
"Medicaid","Other Health Residential and Personal Care","19-64","Total",27316,32907,36027,40051,46055
"Medicaid","Other Health Residential and Personal Care","65+","Total",7209,7915,9868,11261,13637
"Medicaid","Other Health Residential and Personal Care","Total","Males",20888,24615,27303,30666,35200
"Medicaid","Other Health Residential and Personal Care","0-18","Males",3370,3481,4050,4666,4866
"Medicaid","Other Health Residential and Personal Care","19-64","Males",15381,18703,20326,22556,26105
"Medicaid","Other Health Residential and Personal Care","65+","Males",2137,2431,2926,3444,4229
"Medicaid","Other Health Residential and Personal Care","Total","Females",19109,21847,25198,28189,32252
"Medicaid","Other Health Residential and Personal Care","0-18","Females",2101,2160,2555,2877,2894
"Medicaid","Other Health Residential and Personal Care","19-64","Females",11935,14204,15701,17495,19950
"Medicaid","Other Health Residential and Personal Care","65+","Females",5072,5484,6941,7817,9408
"Medicare","Other Health Residential and Personal Care","Total","Total",2368,3041,3711,4225,4781
"Medicare","Other Health Residential and Personal Care","0-18","Total",0,1,1,1,1
"Medicare","Other Health Residential and Personal Care","19-64","Total",392,572,766,923,1105
"Medicare","Other Health Residential and Personal Care","65+","Total",1976,2469,2944,3301,3676
"Medicare","Other Health Residential and Personal Care","Total","Males",967,1265,1571,1804,2064
"Medicare","Other Health Residential and Personal Care","0-18","Males",0,0,0,0,0
"Medicare","Other Health Residential and Personal Care","19-64","Males",213,310,411,489,583
"Medicare","Other Health Residential and Personal Care","65+","Males",754,955,1160,1314,1481
"Medicare","Other Health Residential and Personal Care","Total","Females",1401,1776,2139,2422,2717
"Medicare","Other Health Residential and Personal Care","0-18","Females",0,0,0,0,0
"Medicare","Other Health Residential and Personal Care","19-64","Females",178,262,355,434,523
"Medicare","Other Health Residential and Personal Care","65+","Females",1223,1514,1784,1987,2195
"Other Payers and Programs","Other Health Residential and Personal Care","Total","Total",27681,31618,35056,38884,42670
"Other Payers and Programs","Other Health Residential and Personal Care","0-18","Total",5951,6621,7424,8359,8917
"Other Payers and Programs","Other Health Residential and Personal Care","19-64","Total",15958,17971,19650,23172,24390
"Other Payers and Programs","Other Health Residential and Personal Care","65+","Total",5772,7026,7982,7353,9364
"Other Payers and Programs","Other Health Residential and Personal Care","Total","Males",13202,15485,17156,19937,21019
"Other Payers and Programs","Other Health Residential and Personal Care","0-18","Males",3046,3395,3809,4378,4445
"Other Payers and Programs","Other Health Residential and Personal Care","19-64","Males",7469,8741,9557,12170,12548
"Other Payers and Programs","Other Health Residential and Personal Care","65+","Males",2687,3349,3789,3390,4026
"Other Payers and Programs","Other Health Residential and Personal Care","Total","Females",14480,16132,17900,18947,21651
"Other Payers and Programs","Other Health Residential and Personal Care","0-18","Females",2905,3226,3615,3981,4472
"Other Payers and Programs","Other Health Residential and Personal Care","19-64","Females",8490,9230,10092,11003,11842
"Other Payers and Programs","Other Health Residential and Personal Care","65+","Females",3085,3676,4193,3963,5338
"Out of Pocket","Other Health Residential and Personal Care","Total","Total",4493,5524,5920,6312,6981
"Out of Pocket","Other Health Residential and Personal Care","0-18","Total",777,1022,961,1095,1521
"Out of Pocket","Other Health Residential and Personal Care","19-64","Total",3136,3896,4342,4523,4609
"Out of Pocket","Other Health Residential and Personal Care","65+","Total",581,606,618,694,850
"Out of Pocket","Other Health Residential and Personal Care","Total","Males",2289,2893,3069,3310,3446
"Out of Pocket","Other Health Residential and Personal Care","0-18","Males",479,614,542,601,722
"Out of Pocket","Other Health Residential and Personal Care","19-64","Males",1610,2078,2325,2470,2381
"Out of Pocket","Other Health Residential and Personal Care","65+","Males",201,200,203,239,344
"Out of Pocket","Other Health Residential and Personal Care","Total","Females",2204,2632,2851,3002,3535
"Out of Pocket","Other Health Residential and Personal Care","0-18","Females",298,408,419,494,800
"Out of Pocket","Other Health Residential and Personal Care","19-64","Females",1526,1818,2017,2053,2229
"Out of Pocket","Other Health Residential and Personal Care","65+","Females",379,406,415,455,507
"Private health Insurance","Other Health Residential and Personal Care","Total","Total",3018,3965,4482,5267,6206
"Private health Insurance","Other Health Residential and Personal Care","0-18","Total",564,659,704,752,951
"Private health Insurance","Other Health Residential and Personal Care","19-64","Total",1619,2408,2831,3467,3925
"Private health Insurance","Other Health Residential and Personal Care","65+","Total",834,898,946,1048,1330
"Private health Insurance","Other Health Residential and Personal Care","Total","Males",1530,2013,2307,2719,3149
"Private health Insurance","Other Health Residential and Personal Care","0-18","Males",328,382,367,381,535
"Private health Insurance","Other Health Residential and Personal Care","19-64","Males",851,1267,1551,1902,2016
"Private health Insurance","Other Health Residential and Personal Care","65+","Males",351,364,389,435,598
"Private health Insurance","Other Health Residential and Personal Care","Total","Females",1488,1951,2174,2548,3057
"Private health Insurance","Other Health Residential and Personal Care","0-18","Females",237,277,337,370,417
"Private health Insurance","Other Health Residential and Personal Care","19-64","Females",767,1141,1280,1565,1909
"Private health Insurance","Other Health Residential and Personal Care","65+","Females",484,533,557,613,732
"Total","Other Health Residential and Personal Care","Total","Total",77558,90610,101669,113544,128091
"Total","Other Health Residential and Personal Care","0-18","Total",12765,13943,15695,17750,19150
"Total","Other Health Residential and Personal Care","19-64","Total",48421,57753,63617,72136,80085
"Total","Other Health Residential and Personal Care","65+","Total",16373,18913,22358,23658,28856
"Total","Other Health Residential and Personal Care","Total","Males",38876,46271,51407,58436,64878
"Total","Other Health Residential and Personal Care","0-18","Males",7223,7872,8769,10027,10567
"Total","Other Health Residential and Personal Care","19-64","Males",25524,31100,34171,39586,43632
"Total","Other Health Residential and Personal Care","65+","Males",6129,7299,8467,8822,10678
"Total","Other Health Residential and Personal Care","Total","Females",38681,44339,50262,55108,63213
"Total","Other Health Residential and Personal Care","0-18","Females",5541,6071,6926,7723,8583
"Total","Other Health Residential and Personal Care","19-64","Females",22897,26654,29446,32550,36452
"Total","Other Health Residential and Personal Care","65+","Females",10244,11614,13890,14835,18178
"Medicare","Other Nondurable Medical Products","Total","Total",1678,2025,2297,2717,2892
"Medicare","Other Nondurable Medical Products","0-18","Total",1,1,2,2,2
"Medicare","Other Nondurable Medical Products","19-64","Total",360,478,568,715,799
"Medicare","Other Nondurable Medical Products","65+","Total",1318,1545,1727,2000,2091
"Medicare","Other Nondurable Medical Products","Total","Males",688,858,1001,1206,1319
"Medicare","Other Nondurable Medical Products","0-18","Males",0,1,1,1,1
"Medicare","Other Nondurable Medical Products","19-64","Males",185,243,284,351,393
"Medicare","Other Nondurable Medical Products","65+","Males",503,615,716,854,925
"Medicare","Other Nondurable Medical Products","Total","Females",990,1167,1296,1511,1572
"Medicare","Other Nondurable Medical Products","0-18","Females",0,1,1,1,1
"Medicare","Other Nondurable Medical Products","19-64","Females",175,236,284,365,406
"Medicare","Other Nondurable Medical Products","65+","Females",815,931,1011,1145,1166
"Other Payers and Programs","Other Nondurable Medical Products","Total","Total",0,0,0,0,0
"Other Payers and Programs","Other Nondurable Medical Products","0-18","Total",0,0,0,0,0
"Other Payers and Programs","Other Nondurable Medical Products","19-64","Total",0,0,0,0,0
"Other Payers and Programs","Other Nondurable Medical Products","65+","Total",0,0,0,0,0
"Other Payers and Programs","Other Nondurable Medical Products","Total","Males",0,0,0,0,0
"Other Payers and Programs","Other Nondurable Medical Products","0-18","Males",0,0,0,0,0
"Other Payers and Programs","Other Nondurable Medical Products","19-64","Males",0,0,0,0,0
"Other Payers and Programs","Other Nondurable Medical Products","65+","Males",0,0,0,0,0
"Other Payers and Programs","Other Nondurable Medical Products","Total","Females",0,0,0,0,0
"Other Payers and Programs","Other Nondurable Medical Products","0-18","Females",0,0,0,0,0
"Other Payers and Programs","Other Nondurable Medical Products","19-64","Females",0,0,0,0,0
"Other Payers and Programs","Other Nondurable Medical Products","65+","Females",0,0,0,0,0
"Out of Pocket","Other Nondurable Medical Products","Total","Total",31614,36063,41436,46755,48354
"Out of Pocket","Other Nondurable Medical Products","0-18","Total",1348,1749,2027,2056,2073
"Out of Pocket","Other Nondurable Medical Products","19-64","Total",16012,18289,22161,25779,25787
"Out of Pocket","Other Nondurable Medical Products","65+","Total",14254,16025,17248,18920,20494
"Out of Pocket","Other Nondurable Medical Products","Total","Males",11680,14507,16951,18880,19364
"Out of Pocket","Other Nondurable Medical Products","0-18","Males",761,1007,1155,1206,1193
"Out of Pocket","Other Nondurable Medical Products","19-64","Males",6228,7657,9603,11032,11207
"Out of Pocket","Other Nondurable Medical Products","65+","Males",4691,5843,6194,6642,6964
"Out of Pocket","Other Nondurable Medical Products","Total","Females",19934,21556,24485,27875,28990
"Out of Pocket","Other Nondurable Medical Products","0-18","Females",587,742,872,850,880
"Out of Pocket","Other Nondurable Medical Products","19-64","Females",9784,10631,12558,14747,14580
"Out of Pocket","Other Nondurable Medical Products","65+","Females",9563,10183,11054,12278,13529
"Total","Other Nondurable Medical Products","Total","Total",33292,38088,43733,49472,51246
"Total","Other Nondurable Medical Products","0-18","Total",1349,1751,2029,2058,2075
"Total","Other Nondurable Medical Products","19-64","Total",16372,18767,22729,26494,26586
"Total","Other Nondurable Medical Products","65+","Total",15572,17571,18975,20920,22585
"Total","Other Nondurable Medical Products","Total","Males",12368,15365,17953,20087,20684
"Total","Other Nondurable Medical Products","0-18","Males",761,1008,1156,1208,1194
"Total","Other Nondurable Medical Products","19-64","Males",6413,7900,9887,11383,11601
"Total","Other Nondurable Medical Products","65+","Males",5194,6457,6910,7496,7889
"Total","Other Nondurable Medical Products","Total","Females",20924,22723,25780,29385,30562
"Total","Other Nondurable Medical Products","0-18","Females",588,743,873,851,881
"Total","Other Nondurable Medical Products","19-64","Females",9959,10867,12842,15111,14986
"Total","Other Nondurable Medical Products","65+","Females",10378,11113,12065,13424,14696
"Medicaid","Other Professional Services","Total","Total",2446,3264,3682,3891,4804
"Medicaid","Other Professional Services","0-18","Total",1234,1577,1817,1894,2320
"Medicaid","Other Professional Services","19-64","Total",997,1454,1629,1697,2117
"Medicaid","Other Professional Services","65+","Total",215,233,236,300,368
"Medicaid","Other Professional Services","Total","Males",1047,1390,1492,1630,2046
"Medicaid","Other Professional Services","0-18","Males",668,850,954,1006,1237
"Medicaid","Other Professional Services","19-64","Males",318,473,470,535,702
"Medicaid","Other Professional Services","65+","Males",60,67,68,89,108
"Medicaid","Other Professional Services","Total","Females",1399,1874,2189,2261,2758
"Medicaid","Other Professional Services","0-18","Females",565,727,863,888,1082
"Medicaid","Other Professional Services","19-64","Females",679,981,1158,1162,1415
"Medicaid","Other Professional Services","65+","Females",155,167,168,211,260
"Medicare","Other Professional Services","Total","Total",6743,8287,10211,12382,14541
"Medicare","Other Professional Services","0-18","Total",0,0,0,0,0
"Medicare","Other Professional Services","19-64","Total",800,1139,1522,1733,2027
"Medicare","Other Professional Services","65+","Total",5943,7148,8689,10648,12514
"Medicare","Other Professional Services","Total","Males",2616,3189,3990,5042,6050
"Medicare","Other Professional Services","0-18","Males",0,0,0,0,0
"Medicare","Other Professional Services","19-64","Males",347,491,660,757,896
"Medicare","Other Professional Services","65+","Males",2269,2698,3330,4286,5154
"Medicare","Other Professional Services","Total","Females",4127,5098,6221,7339,8491
"Medicare","Other Professional Services","0-18","Females",0,0,0,0,0
"Medicare","Other Professional Services","19-64","Females",454,649,862,977,1131
"Medicare","Other Professional Services","65+","Females",3673,4450,5359,6363,7360
"Other Payers and Programs","Other Professional Services","Total","Total",4919,5110,5507,6245,6569
"Other Payers and Programs","Other Professional Services","0-18","Total",569,542,641,808,905
"Other Payers and Programs","Other Professional Services","19-64","Total",3835,4004,4263,4738,4928
"Other Payers and Programs","Other Professional Services","65+","Total",515,564,603,700,735
"Other Payers and Programs","Other Professional Services","Total","Males",1917,2042,2163,2473,2680
"Other Payers and Programs","Other Professional Services","0-18","Males",278,286,338,468,497
"Other Payers and Programs","Other Professional Services","19-64","Males",1449,1544,1591,1747,1912
"Other Payers and Programs","Other Professional Services","65+","Males",190,212,234,258,271
"Other Payers and Programs","Other Professional Services","Total","Females",3002,3068,3344,3773,3889
"Other Payers and Programs","Other Professional Services","0-18","Females",291,256,303,340,409
"Other Payers and Programs","Other Professional Services","19-64","Females",2386,2460,2672,2991,3016
"Other Payers and Programs","Other Professional Services","65+","Females",324,352,369,441,464
"Out of Pocket","Other Professional Services","Total","Total",12549,13899,14713,17230,18293
"Out of Pocket","Other Professional Services","0-18","Total",1326,1350,1430,1636,1794
"Out of Pocket","Other Professional Services","19-64","Total",9436,10319,11045,12903,13547
"Out of Pocket","Other Professional Services","65+","Total",1786,2231,2238,2691,2951
"Out of Pocket","Other Professional Services","Total","Males",4651,5221,5615,6793,7297
"Out of Pocket","Other Professional Services","0-18","Males",656,681,723,835,929
"Out of Pocket","Other Professional Services","19-64","Males",3310,3651,3991,4833,5130
"Out of Pocket","Other Professional Services","65+","Males",685,889,901,1125,1237
"Out of Pocket","Other Professional Services","Total","Females",7897,8678,9098,10438,10996
"Out of Pocket","Other Professional Services","0-18","Females",670,668,707,801,864
"Out of Pocket","Other Professional Services","19-64","Females",6126,6668,7054,8071,8417
"Out of Pocket","Other Professional Services","65+","Females",1101,1342,1337,1566,1715
"Private health Insurance","Other Professional Services","Total","Total",17014,19706,20849,24239,25635
"Private health Insurance","Other Professional Services","0-18","Total",1996,2146,2839,2879,3086
"Private health Insurance","Other Professional Services","19-64","Total",13075,15164,15549,18354,19430
"Private health Insurance","Other Professional Services","65+","Total",1942,2397,2461,3006,3119
"Private health Insurance","Other Professional Services","Total","Males",6688,7233,7738,9391,9700
"Private health Insurance","Other Professional Services","0-18","Males",1004,1060,1406,1409,1539
"Private health Insurance","Other Professional Services","19-64","Males",4969,5368,5416,6737,6869
"Private health Insurance","Other Professional Services","65+","Males",715,804,916,1245,1293
"Private health Insurance","Other Professional Services","Total","Females",10326,12474,13110,14848,15935
"Private health Insurance","Other Professional Services","0-18","Females",992,1086,1433,1470,1548
"Private health Insurance","Other Professional Services","19-64","Females",8106,9795,10133,11617,12561
"Private health Insurance","Other Professional Services","65+","Females",1227,1593,1545,1761,1827
"Total","Other Professional Services","Total","Total",43671,50267,54961,63988,69842
"Total","Other Professional Services","0-18","Total",5125,5615,6727,7218,8106
"Total","Other Professional Services","19-64","Total",28144,32080,34007,39426,42049
"Total","Other Professional Services","65+","Total",10401,12572,14227,17344,19687
"Total","Other Professional Services","Total","Males",16919,19074,20999,25329,27773
"Total","Other Professional Services","0-18","Males",2606,2877,3421,3718,4202
"Total","Other Professional Services","19-64","Males",10393,11527,12128,14608,15509
"Total","Other Professional Services","65+","Males",3920,4669,5450,7002,8062
"Total","Other Professional Services","Total","Females",26751,31193,33962,38659,42069
"Total","Other Professional Services","0-18","Females",2519,2738,3307,3500,3904
"Total","Other Professional Services","19-64","Females",17751,20552,21879,24818,26541
"Total","Other Professional Services","65+","Females",6481,7903,8777,10342,11625
"Medicaid","Physician and Clinical Services","Total","Total",23916,27732,31527,35594,42580
"Medicaid","Physician and Clinical Services","0-18","Total",9273,10892,12825,13790,16653
"Medicaid","Physician and Clinical Services","19-64","Total",12815,15102,16897,19419,23036
"Medicaid","Physician and Clinical Services","65+","Total",1829,1738,1805,2385,2891
"Medicaid","Physician and Clinical Services","Total","Males",9776,11493,13137,14768,17954
"Medicaid","Physician and Clinical Services","0-18","Males",5111,6081,7132,7577,9162
"Medicaid","Physician and Clinical Services","19-64","Males",4095,4858,5427,6422,7858
"Medicaid","Physician and Clinical Services","65+","Males",570,555,578,769,935
"Medicaid","Physician and Clinical Services","Total","Females",14140,16239,18390,20826,24626
"Medicaid","Physician and Clinical Services","0-18","Females",4162,4811,5693,6214,7492
"Medicaid","Physician and Clinical Services","19-64","Females",8720,10244,11470,12996,15178
"Medicaid","Physician and Clinical Services","65+","Females",1258,1183,1226,1616,1956
"Medicare","Physician and Clinical Services","Total","Total",68041,80543,91345,103794,115103
"Medicare","Physician and Clinical Services","0-18","Total",11,12,14,14,15
"Medicare","Physician and Clinical Services","19-64","Total",8482,11108,13369,14935,16765
"Medicare","Physician and Clinical Services","65+","Total",59547,69423,77962,88845,98322
"Medicare","Physician and Clinical Services","Total","Males",30355,36001,40723,46887,52523
"Medicare","Physician and Clinical Services","0-18","Males",6,7,7,7,8
"Medicare","Physician and Clinical Services","19-64","Males",4171,5443,6469,7158,8068
"Medicare","Physician and Clinical Services","65+","Males",26178,30551,34246,39723,44448
"Medicare","Physician and Clinical Services","Total","Females",37686,44543,50622,56907,62579
"Medicare","Physician and Clinical Services","0-18","Females",5,6,7,7,7
"Medicare","Physician and Clinical Services","19-64","Females",4311,5665,6900,7777,8698
"Medicare","Physician and Clinical Services","65+","Females",33370,38872,43715,49123,53874
"Other Payers and Programs","Physician and Clinical Services","Total","Total",49846,55553,59399,65378,68702
"Other Payers and Programs","Physician and Clinical Services","0-18","Total",9211,9737,10766,11739,12584
"Other Payers and Programs","Physician and Clinical Services","19-64","Total",34273,39305,41972,45614,47371
"Other Payers and Programs","Physician and Clinical Services","65+","Total",6363,6512,6661,8025,8748
"Other Payers and Programs","Physician and Clinical Services","Total","Males",21725,23912,25415,27917,29742
"Other Payers and Programs","Physician and Clinical Services","0-18","Males",4855,5068,5565,6030,6555
"Other Payers and Programs","Physician and Clinical Services","19-64","Males",13955,15863,16855,18121,19073
"Other Payers and Programs","Physician and Clinical Services","65+","Males",2915,2982,2994,3766,4114
"Other Payers and Programs","Physician and Clinical Services","Total","Females",28122,31641,33984,37461,38961
"Other Payers and Programs","Physician and Clinical Services","0-18","Females",4356,4669,5200,5709,6028
"Other Payers and Programs","Physician and Clinical Services","19-64","Females",20318,23442,25117,27493,28298
"Other Payers and Programs","Physician and Clinical Services","65+","Females",3448,3530,3667,4259,4634
"Out of Pocket","Physician and Clinical Services","Total","Total",35385,39741,44609,48653,50940
"Out of Pocket","Physician and Clinical Services","0-18","Total",6872,7079,7795,8199,8247
"Out of Pocket","Physician and Clinical Services","19-64","Total",25265,29207,33077,36163,37932
"Out of Pocket","Physician and Clinical Services","65+","Total",3248,3455,3738,4291,4760
"Out of Pocket","Physician and Clinical Services","Total","Males",14963,16630,18667,20558,21831
"Out of Pocket","Physician and Clinical Services","0-18","Males",3693,3772,4066,4293,4314
"Out of Pocket","Physician and Clinical Services","19-64","Males",9822,11265,12895,14259,15186
"Out of Pocket","Physician and Clinical Services","65+","Males",1449,1593,1705,2006,2331
"Out of Pocket","Physician and Clinical Services","Total","Females",20422,23111,25942,28095,29109
"Out of Pocket","Physician and Clinical Services","0-18","Females",3179,3307,3728,3906,3934
"Out of Pocket","Physician and Clinical Services","19-64","Females",15443,17942,20182,21904,22746
"Out of Pocket","Physician and Clinical Services","65+","Females",1799,1862,2032,2285,2429
"Private health Insurance","Physician and Clinical Services","Total","Total",163662,189698,211921,233046,241649
"Private health Insurance","Physician and Clinical Services","0-18","Total",30417,34735,36576,39112,38876
"Private health Insurance","Physician and Clinical Services","19-64","Total",115612,134933,154387,171276,179203
"Private health Insurance","Physician and Clinical Services","65+","Total",17633,20029,20957,22658,23571
"Private health Insurance","Physician and Clinical Services","Total","Males",68701,77706,84658,92450,97651
"Private health Insurance","Physician and Clinical Services","0-18","Males",16030,18045,18665,20429,20356
"Private health Insurance","Physician and Clinical Services","19-64","Males",44257,50019,55961,60923,65685
"Private health Insurance","Physician and Clinical Services","65+","Males",8414,9642,10032,11098,11609
"Private health Insurance","Physician and Clinical Services","Total","Females",94962,111991,127262,140596,143998
"Private health Insurance","Physician and Clinical Services","0-18","Females",14387,16690,17911,18684,18520
"Private health Insurance","Physician and Clinical Services","19-64","Females",71355,84915,98427,110352,113517
"Private health Insurance","Physician and Clinical Services","65+","Females",9220,10387,10925,11560,11961
"Total","Physician and Clinical Services","Total","Total",340850,393267,438800,486465,518974
"Total","Physician and Clinical Services","0-18","Total",55784,62455,67976,72854,76375
"Total","Physician and Clinical Services","19-64","Total",196446,229655,259702,287406,304307
"Total","Physician and Clinical Services","65+","Total",88620,101157,111122,126204,138292
"Total","Physician and Clinical Services","Total","Males",145519,165743,182600,202581,219701
"Total","Physician and Clinical Services","0-18","Males",29695,32973,35436,38336,40395
"Total","Physician and Clinical Services","19-64","Males",76299,87447,97607,106883,115870
"Total","Physician and Clinical Services","65+","Males",39525,45323,49557,57362,63436
"Total","Physician and Clinical Services","Total","Females",195331,227525,256200,283884,299273
"Total","Physician and Clinical Services","0-18","Females",26089,29482,32539,34519,35981
"Total","Physician and Clinical Services","19-64","Females",120147,142208,162095,180523,188438
"Total","Physician and Clinical Services","65+","Females",49095,55834,61566,68842,74855
"Medicaid","Prescription Drugs","Total","Total",27443,35727,19149,19179,19998
"Medicaid","Prescription Drugs","0-18","Total",4526,6103,5902,6018,6236
"Medicaid","Prescription Drugs","19-64","Total",15130,19847,12135,12143,12806
"Medicaid","Prescription Drugs","65+","Total",7787,9778,1112,1018,956
"Medicaid","Prescription Drugs","Total","Males",10719,14109,8277,8519,8943
"Medicaid","Prescription Drugs","0-18","Males",2569,3491,3456,3576,3699
"Medicaid","Prescription Drugs","19-64","Males",6119,7995,4490,4632,4939
"Medicaid","Prescription Drugs","65+","Males",2031,2623,332,311,305
"Medicaid","Prescription Drugs","Total","Females",16724,21618,10872,10660,11054
"Medicaid","Prescription Drugs","0-18","Females",1957,2611,2447,2442,2536
"Medicaid","Prescription Drugs","19-64","Females",9011,11851,7646,7512,7867
"Medicaid","Prescription Drugs","65+","Females",5757,7155,780,706,651
"Medicare","Prescription Drugs","Total","Total",2473,3371,39637,50644,58949
"Medicare","Prescription Drugs","0-18","Total",0,0,15,15,10
"Medicare","Prescription Drugs","19-64","Total",408,687,12515,16076,18579
"Medicare","Prescription Drugs","65+","Total",2065,2684,27108,34553,40360
"Medicare","Prescription Drugs","Total","Males",1183,1566,15773,20878,24779
"Medicare","Prescription Drugs","0-18","Males",0,0,9,9,6
"Medicare","Prescription Drugs","19-64","Males",255,399,6223,7931,9092
"Medicare","Prescription Drugs","65+","Males",928,1167,9541,12938,15681
"Medicare","Prescription Drugs","Total","Females",1290,1806,23865,29766,34171
"Medicare","Prescription Drugs","0-18","Females",0,0,6,6,4
"Medicare","Prescription Drugs","19-64","Females",154,289,6292,8145,9488
"Medicare","Prescription Drugs","65+","Females",1137,1517,17567,21614,24679
"Other Payers and Programs","Prescription Drugs","Total","Total",7376,10407,12262,12003,12187
"Other Payers and Programs","Prescription Drugs","0-18","Total",809,1200,1523,1528,1740
"Other Payers and Programs","Prescription Drugs","19-64","Total",4410,6083,8038,7653,7392
"Other Payers and Programs","Prescription Drugs","65+","Total",2157,3124,2701,2822,3055
"Other Payers and Programs","Prescription Drugs","Total","Males",3215,4610,5508,5562,5706
"Other Payers and Programs","Prescription Drugs","0-18","Males",461,667,873,868,970
"Other Payers and Programs","Prescription Drugs","19-64","Males",1852,2563,3410,3379,3273
"Other Payers and Programs","Prescription Drugs","65+","Males",903,1381,1225,1315,1464
"Other Payers and Programs","Prescription Drugs","Total","Females",4160,5797,6754,6441,6481
"Other Payers and Programs","Prescription Drugs","0-18","Females",348,533,650,660,770
"Other Payers and Programs","Prescription Drugs","19-64","Females",2557,3521,4628,4274,4120
"Other Payers and Programs","Prescription Drugs","65+","Females",1255,1743,1476,1507,1591
"Out of Pocket","Prescription Drugs","Total","Total",40947,48304,51363,49830,45993
"Out of Pocket","Prescription Drugs","0-18","Total",2061,2423,2795,2568,2286
"Out of Pocket","Prescription Drugs","19-64","Total",24230,27785,33899,32386,29511
"Out of Pocket","Prescription Drugs","65+","Total",14655,18095,14669,14876,14196
"Out of Pocket","Prescription Drugs","Total","Males",16063,19498,21478,21880,20366
"Out of Pocket","Prescription Drugs","0-18","Males",1188,1393,1606,1506,1320
"Out of Pocket","Prescription Drugs","19-64","Males",9490,11376,13830,14076,12863
"Out of Pocket","Prescription Drugs","65+","Males",5385,6730,6041,6298,6183
"Out of Pocket","Prescription Drugs","Total","Females",24883,28805,29885,27950,25628
"Out of Pocket","Prescription Drugs","0-18","Females",873,1031,1188,1062,966
"Out of Pocket","Prescription Drugs","19-64","Females",14740,16409,20069,18310,16648
"Out of Pocket","Prescription Drugs","65+","Females",9270,11366,8628,8578,8013
"Private health Insurance","Prescription Drugs","Total","Total",79924,95158,102061,110896,118528
"Private health Insurance","Prescription Drugs","0-18","Total",4540,5484,7061,7402,7692
"Private health Insurance","Prescription Drugs","19-64","Total",56155,66692,80291,86549,92992
"Private health Insurance","Prescription Drugs","65+","Total",19229,22982,14709,16946,17845
"Private health Insurance","Prescription Drugs","Total","Males",34047,40390,44257,48634,52053
"Private health Insurance","Prescription Drugs","0-18","Males",2566,3031,3905,4111,4345
"Private health Insurance","Prescription Drugs","19-64","Males",22948,27533,33655,36657,39393
"Private health Insurance","Prescription Drugs","65+","Males",8534,9825,6696,7866,8314
"Private health Insurance","Prescription Drugs","Total","Females",45877,54768,57804,62262,66475
"Private health Insurance","Prescription Drugs","0-18","Females",1974,2452,3155,3291,3347
"Private health Insurance","Prescription Drugs","19-64","Females",33207,39159,46636,49892,53598
"Private health Insurance","Prescription Drugs","65+","Females",10696,13156,8013,9080,9530
"Total","Prescription Drugs","Total","Total",158163,192967,224472,242552,255656
"Total","Prescription Drugs","0-18","Total",11937,15209,17295,17531,17964
"Total","Prescription Drugs","19-64","Total",100333,121095,146879,154807,161280
"Total","Prescription Drugs","65+","Total",45893,56663,60298,70214,76412
"Total","Prescription Drugs","Total","Males",65228,80173,95293,105473,111847
"Total","Prescription Drugs","0-18","Males",6784,8582,9849,10070,10341
"Total","Prescription Drugs","19-64","Males",40664,49866,61609,66675,69559
"Total","Prescription Drugs","65+","Males",17780,21726,23835,28728,31947
"Total","Prescription Drugs","Total","Females",92935,112794,129179,137079,143809
"Total","Prescription Drugs","0-18","Females",5153,6628,7446,7461,7623
"Total","Prescription Drugs","19-64","Females",59669,71229,85270,88132,91721
"Total","Prescription Drugs","65+","Females",28113,34937,36463,41486,44465
"Medicaid","Total Personal Health Care","Total","Total",230096,270885,283383,318159,366628
"Medicaid","Total Personal Health Care","0-18","Total",53594,62843,73641,82852,96314
"Medicaid","Total Personal Health Care","19-64","Total",112661,136325,142347,160632,187647
"Medicaid","Total Personal Health Care","65+","Total",63841,71717,67395,74674,82668
"Medicaid","Total Personal Health Care","Total","Males",93414,111129,117771,133731,155791
"Medicaid","Total Personal Health Care","0-18","Males",29163,34280,39964,45150,52373
"Medicaid","Total Personal Health Care","19-64","Males",47442,57698,59474,67735,79923
"Medicaid","Total Personal Health Care","65+","Males",16810,19151,18333,20846,23494
"Medicaid","Total Personal Health Care","Total","Females",136682,159756,165612,184427,210838
"Medicaid","Total Personal Health Care","0-18","Females",24431,28563,33677,37702,43940
"Medicaid","Total Personal Health Care","19-64","Females",65219,78627,82873,92897,107724
"Medicaid","Total Personal Health Care","65+","Females",47032,52566,49062,53829,59174
"Medicare","Total Personal Health Care","Total","Total",256551,300136,382335,442908,489430
"Medicare","Total Personal Health Care","0-18","Total",55,67,90,99,91
"Medicare","Total Personal Health Care","19-64","Total",33897,42987,64247,75282,84940
"Medicare","Total Personal Health Care","65+","Total",222598,257082,317998,367527,404398
"Medicare","Total Personal Health Care","Total","Males",112414,131147,165506,193627,216142
"Medicare","Total Personal Health Care","0-18","Males",31,37,48,52,50
"Medicare","Total Personal Health Care","19-64","Males",17592,21983,32433,37598,42314
"Medicare","Total Personal Health Care","65+","Males",94791,109128,133025,155977,173778
"Medicare","Total Personal Health Care","Total","Females",144137,168989,216829,249281,273288
"Medicare","Total Personal Health Care","0-18","Females",24,31,42,47,41
"Medicare","Total Personal Health Care","19-64","Females",16306,21004,31814,37684,42627
"Medicare","Total Personal Health Care","65+","Females",127807,147955,184973,211550,230620
"Other Payers and Programs","Total Personal Health Care","Total","Total",175319,203231,227142,249410,278124
"Other Payers and Programs","Total Personal Health Care","0-18","Total",28932,34127,37549,41237,46337
"Other Payers and Programs","Total Personal Health Care","19-64","Total",108452,124302,141554,157521,172089
"Other Payers and Programs","Total Personal Health Care","65+","Total",37934,44803,48039,50652,59698
"Other Payers and Programs","Total Personal Health Care","Total","Males",83283,96113,107395,119278,134323
"Other Payers and Programs","Total Personal Health Care","0-18","Males",15288,17894,19770,21640,23847
"Other Payers and Programs","Total Personal Health Care","19-64","Males",50746,57839,65717,74253,82387
"Other Payers and Programs","Total Personal Health Care","65+","Males",17248,20379,21908,23385,28089
"Other Payers and Programs","Total Personal Health Care","Total","Females",92036,107118,119747,130132,143801
"Other Payers and Programs","Total Personal Health Care","0-18","Females",13644,16233,17779,19596,22490
"Other Payers and Programs","Total Personal Health Care","19-64","Females",57706,66462,75837,83268,89702
"Other Payers and Programs","Total Personal Health Care","65+","Females",20686,24423,26130,27268,31610
"Out of Pocket","Total Personal Health Care","Total","Total",221878,251679,277346,300708,305551
"Out of Pocket","Total Personal Health Care","0-18","Total",24151,27501,30655,32196,32137
"Out of Pocket","Total Personal Health Care","19-64","Total",123892,139703,160539,173222,174911
"Out of Pocket","Total Personal Health Care","65+","Total",73835,84475,86152,95290,98503
"Out of Pocket","Total Personal Health Care","Total","Males",89131,102182,113941,125121,127745
"Out of Pocket","Total Personal Health Care","0-18","Males",12371,14298,15750,16679,16423
"Out of Pocket","Total Personal Health Care","19-64","Males",51118,58188,67471,73561,74975
"Out of Pocket","Total Personal Health Care","65+","Males",25642,29696,30721,34881,36347
"Out of Pocket","Total Personal Health Care","Total","Females",132747,149498,163405,175587,177806
"Out of Pocket","Total Personal Health Care","0-18","Females",11780,13203,14905,15517,15714
"Out of Pocket","Total Personal Health Care","19-64","Females",72774,81515,93069,99661,99935
"Out of Pocket","Total Personal Health Care","65+","Females",48193,54779,55431,60410,62156
"Private health Insurance","Total Personal Health Care","Total","Total",488082,566351,639024,705964,753174
"Private health Insurance","Total Personal Health Care","0-18","Total",76163,90597,101713,108129,110198
"Private health Insurance","Total Personal Health Care","19-64","Total",339022,393195,456750,505525,544347
"Private health Insurance","Total Personal Health Care","65+","Total",72897,82559,80561,92310,98629
"Private health Insurance","Total Personal Health Care","Total","Males",214104,244801,278302,304699,328213
"Private health Insurance","Total Personal Health Care","0-18","Males",39087,46029,52633,55159,55195
"Private health Insurance","Total Personal Health Care","19-64","Males",143017,161837,188668,206817,227372
"Private health Insurance","Total Personal Health Care","65+","Males",31999,36934,37001,42723,45646
"Private health Insurance","Total Personal Health Care","Total","Females",273978,321551,360721,401265,424961
"Private health Insurance","Total Personal Health Care","0-18","Females",37076,44568,49080,52970,55003
"Private health Insurance","Total Personal Health Care","19-64","Females",196005,231358,268082,298708,316975
"Private health Insurance","Total Personal Health Care","65+","Females",40898,45625,43559,49587,52983
"Total","Total Personal Health Care","Total","Total",1371925,1592284,1809229,2017148,2192908
"Total","Total Personal Health Care","0-18","Total",182895,215135,243649,264512,285077
"Total","Total Personal Health Care","19-64","Total",717925,836512,965437,1072182,1163934
"Total","Total Personal Health Care","65+","Total",471106,540636,600144,680454,743897
"Total","Total Personal Health Care","Total","Males",592346,685371,782916,876456,962214
"Total","Total Personal Health Care","0-18","Males",95940,112538,128165,138680,147889
"Total","Total Personal Health Care","19-64","Males",309916,357545,413762,459965,506972
"Total","Total Personal Health Care","65+","Males",186491,215288,240988,277811,307354
"Total","Total Personal Health Care","Total","Females",779579,906912,1026314,1140692,1230694
"Total","Total Personal Health Care","0-18","Females",86955,102597,115484,125832,137188
"Total","Total Personal Health Care","19-64","Females",408009,478967,551675,612217,656963
"Total","Total Personal Health Care","65+","Females",284615,325348,359155,402643,436543

