"Service","Age Group","Gender","2002","2004","2006","2008","2010"
"Dental Services","Total","Total",256,280,307,337,341
"Dental Services","0-18","Total",259,313,352,372,375
"Dental Services","19-64","Total",258,268,288,319,321
"Dental Services","65+","Total",238,271,303,352,368
"Dental Services","Total","Males",230,254,277,300,307
"Dental Services","0-18","Males",236,302,337,354,348
"Dental Services","19-64","Males",223,227,246,266,278
"Dental Services","65+","Males",249,289,312,355,372
"Dental Services","Total","Females",282,306,335,373,374
"Dental Services","0-18","Females",283,325,368,392,404
"Dental Services","19-64","Females",293,309,330,371,364
"Dental Services","65+","Females",231,258,296,350,365
"Durable Medical Equipment","Total","Total",94,101,108,115,120
"Durable Medical Equipment","0-18","Total",32,33,38,41,44
"Durable Medical Equipment","19-64","Total",81,85,92,95,101
"Durable Medical Equipment","65+","Total",296,324,340,362,357
"Durable Medical Equipment","Total","Males",80,85,93,98,104
"Durable Medical Equipment","0-18","Males",30,31,36,38,42
"Durable Medical Equipment","19-64","Males",67,70,77,78,84
"Durable Medical Equipment","65+","Males",296,317,332,356,354
"Durable Medical Equipment","Total","Females",108,116,123,131,135
"Durable Medical Equipment","0-18","Females",33,35,41,43,47
"Durable Medical Equipment","19-64","Females",96,100,106,112,116
"Durable Medical Equipment","65+","Females",296,329,345,366,359
"Home Health Care","Total","Total",127,150,176,205,230
"Home Health Care","0-18","Total",38,41,51,67,85
"Home Health Care","19-64","Total",66,75,83,91,99
"Home Health Care","65+","Total",627,755,902,1034,1130
"Home Health Care","Total","Males",97,110,127,149,170
"Home Health Care","0-18","Males",39,43,53,71,90
"Home Health Care","19-64","Males",60,65,68,76,81
"Home Health Care","65+","Males",465,550,655,751,832
"Home Health Care","Total","Females",157,188,224,259,289
"Home Health Care","0-18","Females",36,39,49,63,80
"Home Health Care","19-64","Females",72,85,98,107,117
"Home Health Care","65+","Females",742,904,1085,1246,1359
"Hospital Care","Total","Total",1691,1933,2185,2399,2630
"Hospital Care","0-18","Total",906,1101,1264,1379,1538
"Hospital Care","19-64","Total",1396,1596,1839,2027,2259
"Hospital Care","65+","Total",4872,5398,5845,6263,6500
"Hospital Care","Total","Males",1595,1805,2063,2255,2493
"Hospital Care","0-18","Males",921,1105,1303,1396,1528
"Hospital Care","19-64","Males",1294,1449,1680,1841,2083
"Hospital Care","65+","Males",5197,5733,6215,6643,6918
"Hospital Care","Total","Females",1784,2057,2304,2539,2763
"Hospital Care","0-18","Females",890,1097,1223,1360,1548
"Hospital Care","19-64","Females",1497,1743,1996,2212,2434
"Hospital Care","65+","Females",4639,5155,5570,5976,6179
"Nursing Care Facilities and Continuing Care Retirement Communities","Total","Total",328,361,393,436,463
"Nursing Care Facilities and Continuing Care Retirement Communities","0-18","Total",8,9,9,10,11
"Nursing Care Facilities and Continuing Care Retirement Communities","19-64","Total",72,81,94,106,113
"Nursing Care Facilities and Continuing Care Retirement Communities","65+","Total",2302,2510,2684,2893,2990
"Nursing Care Facilities and Continuing Care Retirement Communities","Total","Males",209,231,258,297,320
"Nursing Care Facilities and Continuing Care Retirement Communities","0-18","Males",9,10,10,12,14
"Nursing Care Facilities and Continuing Care Retirement Communities","19-64","Males",76,87,101,114,122
"Nursing Care Facilities and Continuing Care Retirement Communities","65+","Males",1530,1658,1799,2008,2095
"Nursing Care Facilities and Continuing Care Retirement Communities","Total","Females",445,487,525,572,602
"Nursing Care Facilities and Continuing Care Retirement Communities","0-18","Females",6,7,7,8,9
"Nursing Care Facilities and Continuing Care Retirement Communities","19-64","Females",68,76,87,98,104
"Nursing Care Facilities and Continuing Care Retirement Communities","65+","Females",2854,3131,3340,3561,3677
"Other Health Residential and Personal Care","Total","Total",270,309,341,374,415
"Other Health Residential and Personal Care","0-18","Total",165,180,201,226,244
"Other Health Residential and Personal Care","19-64","Total",276,322,347,387,421
"Other Health Residential and Personal Care","65+","Total",464,525,604,611,715
"Other Health Residential and Personal Care","Total","Males",274,321,349,390,426
"Other Health Residential and Personal Care","0-18","Males",183,198,219,249,263
"Other Health Residential and Personal Care","19-64","Males",292,348,374,426,461
"Other Health Residential and Personal Care","65+","Males",416,481,537,530,609
"Other Health Residential and Personal Care","Total","Females",265,299,332,358,404
"Other Health Residential and Personal Care","0-18","Females",147,160,181,201,223
"Other Health Residential and Personal Care","19-64","Females",261,297,321,348,382
"Other Health Residential and Personal Care","65+","Females",498,557,653,672,796
"Other Nondurable Medical Products","Total","Total",116,130,147,163,166
"Other Nondurable Medical Products","0-18","Total",17,23,26,26,26
"Other Nondurable Medical Products","19-64","Total",93,105,124,142,140
"Other Nondurable Medical Products","65+","Total",441,487,512,540,559
"Other Nondurable Medical Products","Total","Males",87,106,122,134,136
"Other Nondurable Medical Products","0-18","Males",19,25,29,30,30
"Other Nondurable Medical Products","19-64","Males",73,88,108,122,122
"Other Nondurable Medical Products","65+","Males",353,425,438,450,450
"Other Nondurable Medical Products","Total","Females",143,153,171,191,195
"Other Nondurable Medical Products","0-18","Females",16,20,23,22,23
"Other Nondurable Medical Products","19-64","Females",114,121,140,162,157
"Other Nondurable Medical Products","65+","Females",504,533,567,608,643
"Other Professional Services","Total","Total",152,172,184,211,226
"Other Professional Services","0-18","Total",66,72,86,92,103
"Other Professional Services","19-64","Total",161,179,186,211,221
"Other Professional Services","65+","Total",295,349,384,448,488
"Other Professional Services","Total","Males",119,132,143,169,182
"Other Professional Services","0-18","Males",66,72,86,92,105
"Other Professional Services","19-64","Males",119,129,133,157,164
"Other Professional Services","65+","Males",266,307,346,421,460
"Other Professional Services","Total","Females",183,210,225,251,269
"Other Professional Services","0-18","Females",67,72,87,91,102
"Other Professional Services","19-64","Females",203,229,239,265,278
"Other Professional Services","65+","Females",315,379,412,469,509
"Physician and Clinical Services","Total","Total",1185,1343,1471,1601,1680
"Physician and Clinical Services","0-18","Total",723,804,870,926,972
"Physician and Clinical Services","19-64","Total",1121,1282,1418,1541,1601
"Physician and Clinical Services","65+","Total",2510,2806,3000,3260,3425
"Physician and Clinical Services","Total","Males",1026,1148,1241,1351,1441
"Physician and Clinical Services","0-18","Males",751,830,886,952,1005
"Physician and Clinical Services","19-64","Males",872,978,1068,1149,1223
"Physician and Clinical Services","65+","Males",2684,2984,3144,3445,3618
"Physician and Clinical Services","Total","Females",1339,1533,1695,1843,1911
"Physician and Clinical Services","0-18","Females",693,778,853,898,937
"Physician and Clinical Services","19-64","Females",1371,1586,1767,1931,1977
"Physician and Clinical Services","65+","Females",2386,2677,2893,3120,3277
"Prescription Drugs","Total","Total",550,659,753,798,827
"Prescription Drugs","0-18","Total",155,196,221,223,229
"Prescription Drugs","19-64","Total",573,676,802,830,849
"Prescription Drugs","65+","Total",1300,1572,1628,1814,1892
"Prescription Drugs","Total","Males",460,555,648,704,734
"Prescription Drugs","0-18","Males",172,216,246,250,257
"Prescription Drugs","19-64","Males",464,558,674,717,734
"Prescription Drugs","65+","Males",1207,1430,1512,1725,1822
"Prescription Drugs","Total","Females",637,760,854,890,919
"Prescription Drugs","0-18","Females",137,175,195,194,199
"Prescription Drugs","19-64","Females",681,794,930,943,962
"Prescription Drugs","65+","Females",1366,1675,1713,1880,1946
"Total Personal Health Care","Total","Total",4768,5438,6065,6637,7097
"Total Personal Health Care","0-18","Total",2369,2770,3117,3361,3628
"Total Personal Health Care","19-64","Total",4098,4670,5273,5749,6125
"Total Personal Health Care","65+","Total",13345,14998,16200,17577,18424
"Total Personal Health Care","Total","Males",4177,4748,5322,5847,6313
"Total Personal Health Care","0-18","Males",2427,2832,3205,3445,3680
"Total Personal Health Care","19-64","Males",3540,3998,4529,4946,5353
"Total Personal Health Care","65+","Males",12665,14175,15290,16686,17530
"Total Personal Health Care","Total","Females",5343,6109,6789,7407,7860
"Total Personal Health Care","0-18","Females",2308,2706,3026,3273,3572
"Total Personal Health Care","19-64","Females",4654,5340,6014,6548,6892
"Total Personal Health Care","65+","Females",13831,15598,16874,18250,19110

